line_id,scene_id,speaker_id,text_ko,emotion,direction,voice,priority
intro_001,intro,lockey,침입자를 확인했습니다. 지하 금고 붕괴를 시작합니다.,neutral,"공항 안내 방송처럼 또박또박, 감정 없이",tts,P0
intro_002,intro,dobi,"붕괴? 잠깐만, 나 이제 막 들어왔다고!",surprise,"깜짝 놀라 목소리가 뒤집히며, 빠르게",tts,P1
intro_003,intro,lockey,출구는 통로 끝에 하나 있습니다. 거기까지 가실 수 있다면요.,neutral,"평평한 톤 그대로, 마지막 말만 살짝 늘여 비꼬듯",tts,P0
intro_004,intro,dobi,어? 바닥에 반짝이는 거… 설마 전부 코인이야?,happy,"숨을 삼키고 작게 시작해, 끝으로 갈수록 들떠서",tts,P1
intro_005,intro,lockey,무너진 잔해는 점프해서 넘으십시오. 안 넘으셔도 저는 상관없습니다.,neutral,"사무적으로, 뒷문장은 조금 느리게 비꼬듯",tts,P0
intro_006,intro,dobi,"좋아, 달리면서 싹 다 줍는다. 한 닢도 안 남겨!",happy,"겁을 누르고 스스로 다짐하듯, 끝은 신나서",tts,P0
boss_appear_001,boss_appear,vault_golem,그르르… 크아아아!,angry,"바위가 갈리듯 낮게 으르렁대다가 길게 포효, 3초 안팎",creature,P1
boss_appear_002,boss_appear,lockey,금고 수호 골렘이 깨어났습니다. 행운을 빌어 드리진 않겠습니다.,neutral,"여전히 평평하게, 즐기는 기색을 아주 옅게",tts,P1
boss_appear_003,boss_appear,dobi,"으악, 저건 반칙이지! 그래도 코인은 절대 안 놔!",surprise,"짧게 비명을 지른 뒤 곧장 이를 악물고 빠르게 외치듯",tts,P1
