term_ko,term_en,term_ja,note,do_not_translate
도비,Dobi,,"주인공 이름. 영어는 Dobi 로만 쓴다(해리 포터의 Dobby 와 헷갈리지 않게)",y
락키,Lockey,,"금고 관리 AI 이름. lock + key 말장난이라 영어는 Lockey 로 고정한다",y
금고 수호 골렘,Vault Guardian Golem,,"보스. 대사에서는 이 이름만 쓰고 '골렘'으로 줄이지 않는다",n
지하 금고,Underground Vault,,게임의 유일한 스테이지이자 무대,n
금고털이,safecracker,,도비의 직업. 대사에는 나오지 않고 바이블·마케팅 문구에서 쓴다,n
침입자,intruder,,락키가 도비를 부르는 말,n
붕괴,collapse,,락키가 침입자를 가두려고 시작하는 보안 절차. 통로가 무너지는 현상 전체를 가리킨다,n
통로,passage,,"플레이어가 달리는 길. '복도', '길'로 바꿔 부르지 않는다",n
잔해,debris,,점프로 넘는 장애물 전체를 부르는 말,n
코인,coin,,"모으는 아이템. 출구에서 점수가 된다. '동전', '금화'로 바꿔 부르지 않는다. 세는 단위는 '닢'",n
점프,jump,,달리기 외에 플레이어가 하는 유일한 동작,n
출구,exit,,통로 끝에 하나 있는 탈출 지점. 닿으면 점수를 받는다,n
점수,score,,출구에서 모은 코인으로 계산해 받는 값,n
